id,title,duration,url
VIDEO 1,FFM Threesome with @jacksonmaddy,11 minutes,
VIDEO 2,FMFM Foursome with @valentinarose4 & @sexualmastery,18 minutes,https://coomer.st/onlyfans/user/isabellexjeremy/post/1125831319
VIDEO 3,Girl on Girl with @valentinarose4,8 minutes,https://coomer.st/onlyfans/user/isabellexjeremy/post/932473823
VIDEO 4,FMFM Foursome with @jacksonmaddy,13 minutes,
VIDEO 5,FMM Threesome with @lukeerwin,12 minutes,https://coomer.st/onlyfans/user/isabellexjeremy/post/1364784333
VIDEO 6,Girl on Girl with @missduff_,7 minutes,
VIDEO 7,FFM POV Threesome with @valentinarose4,17 minutes,https://coomer.st/onlyfans/user/isabellexjeremy/post/1262406883
VIDEO 8,FM Sex Tape,22 minutes,https://coomer.st/onlyfans/user/isabellexjeremy/post/605237127
VIDEO 9,FFM Tripod Threesome with @valentinarose4,19 minutes,https://coomer.st/onlyfans/user/isabellexjeremy/post/606201927
VIDEO 10,Anal Solo Play,4 minutes,https://coomer.st/onlyfans/user/isabellexjeremy/post/1205476642
VIDEO 11,FMM Threesome with @lukeerwin,2 minutes,https://coomer.st/onlyfans/user/isabellexjeremy/post/737275950
VIDEO 12,FMM Threesome with @lukeerwin,2 minutes,https://coomer.st/onlyfans/user/isabellexjeremy/post/817033114
VIDEO 13,FMM Threesome with @lukeerwin,2 minutes,https://coomer.st/onlyfans/user/isabellexjeremy/post/1182754729
VIDEO 14,Jetstar Outfit Strip Tease,3 minutes,https://coomer.st/onlyfans/user/isabellexjeremy/post/1182757439
VIDEO 15,POV Reverse Cowgirl with Creampie,4.5 minutes,
VIDEO 16,FM Sex Tape,8 minutes,https://coomer.st/onlyfans/user/isabellexjeremy/post/1312976521
VIDEO 17,Cheating Sex Tape with Jeremy & @maceyhope,13 minutes,
VIDEO 18,FM Sex Tape,15 minutes,https://coomer.st/onlyfans/user/isabellexjeremy/post/606270937
VIDEO 19,Solo Anal Prep,12 minutes,https://coomer.st/onlyfans/user/isabellexjeremy/post/908122909
VIDEO 20,FM Anal Sex Tape w Creampie,12 minutes,
VIDEO 21,Girl on Girl with @shelbybilby,1.5 minutes,
VIDEO 22,FM Sex Tape,10 minutes,https://coomer.st/onlyfans/user/isabellexjeremy/post/621523665
VIDEO 23,Girl on Girl with @missduff_,3.5 minutes,
VIDEO 24,FF Masturbation with @billiebeever,7 minutes,https://coomer.st/onlyfans/user/isabellexjeremy/post/932502904
VIDEO 25,FMM Threesome with @sexualmastery,43 minutes,
VIDEO 26,FMMM Foursome with @lukeerwin & @flynnerwin,8 minutes,
VIDEO 27,FMFM Foursome with @billiebeever & @lukeerwin,10 minutes,https://coomer.st/onlyfans/user/isabellexjeremy/post/603541257
VIDEO 28,BJ with Facial,8 minutes,https://coomer.st/onlyfans/user/isabellexjeremy/post/1262406317
VIDEO 29,Footjob with BJ and cumshot,6 minutes,https://coomer.st/onlyfans/user/isabellexjeremy/post/817031771
VIDEO 30,Sex tape with @mriconicxx,8 minutes,https://coomer.st/onlyfans/user/isabellexjeremy/post/720253368
VIDEO 31,FMM Threesome with @mriconicxx,17 minutes,https://coomer.st/onlyfans/user/isabellexjeremy/post/967624761
VIDEO 32,BJ & Pussy Eating,9 minutes,
VIDEO 33,Sex Tape with Creampie,19 minutes,https://coomer.st/onlyfans/user/isabellexjeremy/post/602544077
VIDEO 34,Solo dildo play in the shower,11 minutes,https://coomer.st/onlyfans/user/isabellexjeremy/post/1080811224
VIDEO 35,Sex Tape with Facial,20 minutes,
VIDEO 36,Girl on Girl with @ninamilano,9 minutes,https://coomer.st/onlyfans/user/isabellexjeremy/post/1339602643
VIDEO 37,Sex Tape with @mriconicxx,12 minutes,https://coomer.st/onlyfans/user/isabellexjeremy/post/1302217961
VIDEO 38,Squirt Solo Play,11 minutes,https://coomer.st/onlyfans/user/isabellexjeremy/post/1353965786
VIDEO 39,Harry Potter Sex Tape,12 minutes,https://coomer.st/onlyfans/user/isabellexjeremy/post/817085040
VIDEO 40,Squirt Solo Play,5 minutes,https://coomer.st/onlyfans/user/isabellexjeremy/post/816984961
VIDEO 41,FFMM Foursome with @ninamilano @mriconicxx & @sexualmastery,23 minutes,
VIDEO 42,FFMMM Fivesome with @ninamilano @mriconicxx & @sexualmastery,14 minutes,
VIDEO 43,FM Sex Tape with Isabelle & @jacksonmaddy,8 minutes,
VIDEO 44,FM Sex Tape with Isabelle & @mriconicxx,10 minutes,https://coomer.st/onlyfans/user/isabellexjeremy/post/908145343
VIDEO 45,Girl on Girl with @ninamilano,,
VIDEO 46,FFM Threesome with @ninamilano & @mriconicxx,21 minutes,https://coomer.st/onlyfans/user/isabellexjeremy/post/817005216
VIDEO 47,Solo play with Isabelle,,
VIDEO 48,Dildo riding & twerking,4.5 minutes,https://coomer.st/onlyfans/user/isabellexjeremy/post/908061880
VIDEO 49,Sex Tape on Private Island,5 minutes,https://coomer.st/onlyfans/user/isabellexjeremy/post/817087116
VIDEO 50,"BJ with Rim Job, Face Fucking & Cum Swallowing",8 minutes,
VIDEO 51,Sex Tape with Cum Shot,16 minutes,https://coomer.st/onlyfans/user/isabellexjeremy/post/646091078
VIDEO 52,Solo Play with JOI,10 minutes,
VIDEO 53,Foot Job with cum shot,7 minutes,https://coomer.st/onlyfans/user/isabellexjeremy/post/1148188926
VIDEO 54,FFM Threesome with @zacandtyana,15 minutes,
VIDEO 55,JOI,7 minutes,
VIDEO 56,Solo Play with Isabelle,8 minutes,https://coomer.st/onlyfans/user/isabellexjeremy/post/608500491
VIDEO 57,Yoga Roleplay Sex Tape,24 minutes,https://coomer.st/onlyfans/user/isabellexjeremy/post/720334020
VIDEO 58,FFMM Foursome with @zacandtyana,19 minutes,
VIDEO 59,Sex Tape with Squirting,25 minutes,
VIDEO 60,Cheating Gym Sex Tape with @fitkittyxo,27 minutes,https://coomer.st/onlyfans/user/isabellexjeremy/post/790936114
VIDEO 61,Solo Play with Isabelle,10.5 minutes,
VIDEO 62,Girl on Girl with @tyanamaree,7.5 minutes,
VIDEO 63,FMM Threesome with Nina Milano & Primal Instincts,17 minutes,
VIDEO 64,Shopping Sex Tape PART 1 & 2,6 & 12 minutes,
VIDEO 65,FFFMM Fivesome with @fitkittyxo @ninamilano & @primal_instincts1,23 minutes,
VIDEO 66,Sauna Sex Tape,3 minutes,
VIDEO 67,FMM with @fitkittyxo &  @primal_instincts1,26 minutes,https://coomer.st/onlyfans/user/isabellexjeremy/post/720304347
VIDEO 68,Double Foot Job with @zacandtyana,3 minutes,
VIDEO 69,Riding Dildo on Stool,6 minutes,
VIDEO 70,Quiet Sex Tape,12 minutes,
VIDEO 71,FMM with @primal_instincts1,18 minutes,
VIDEO 72,Cheating Sex Tape with @fitkittyxo,14.5 minutes,
VIDEO 73,“Wife” Solo Play,9 minutes,
VIDEO 74,Sex Tape with Facial,20 minutes,https://coomer.st/onlyfans/user/isabellexjeremy/post/1327199679
VIDEO 75,Gym Sex Tape,14 minutes,https://coomer.st/onlyfans/user/isabellexjeremy/post/603552779
VIDEO 76,Solo Play with Isabelle,7 minutes,https://coomer.st/onlyfans/user/isabellexjeremy/post/1390207358
VIDEO 77,Sauna Sex tape,11 minutes,https://coomer.st/onlyfans/user/isabellexjeremy/post/798759337
VIDEO 78,Cheating Sex Tape with @primal_instincts1,13 minutes,https://coomer.st/onlyfans/user/isabellexjeremy/post/645088931
VIDEO 79,Morning Sex Tape,23 minutes,
VIDEO 80,Rough Cheating Sex tape with @primal_instincts1,15 minutes,
VIDEO 81,Panties to the Side Sex tape,7 minutes,
VIDEO 82,Change Room Girl on Girl with @baddiemaddy,11 minutes,
VIDEO 83,FFM Tennis Court Threesome with @jacksonmaddy,3 minutes,
VIDEO 84,Hotel Tape,5 minutes,
VIDEO 85,School Girl Sex Tape,23 minutes,
VIDEO 86,Shopping Sex Tape,9 minutes,
VIDEO 87,Private Island Solo Play,3 minutes,
VIDEO 88,Hotel Rooftop Sex Tape w cumshot,16 minutes,
VIDEO 89,FMM with @zacandtyana,16 minutes,
VIDEO 90,"Sex Tape with BJ, 69 & cumshot",18 minutes,
VIDEO 91,Poolside fun with @anitacassin,,
VIDEO 92,Shower Sex Tape w Creampie,14 minutes,https://bunkr.cr/f/fbiNfqc3bEkUm
VIDEO 93,Cheating Sex tape with @emwebbily,9 minutes,https://coomer.st/onlyfans/user/isabellexjeremy/post/757469475
VIDEO 94,Double BJ with @emwebbily,4 minutes,https://coomer.st/onlyfans/user/isabellexjeremy/post/602547869
VIDEO 95,Getting caught by @troycandy & @anitacassin,6 minutes,
VIDEO 96,Gym Sex Tape with @zacandtyana,7 minutes,
VIDEO 97,Sauna FMM with @zacandtyana,8 minutes,
VIDEO 98,Gym Sex Tape with @caseyaron,14 minutes,
VIDEO 99,POV G-String Sex Tape,8 minutes,https://coomer.st/onlyfans/user/isabellexjeremy/post/623708133
VIDEO 100,Solo Foot worship,7 minutes,
VIDEO 101,Double BJ with @caseysaron,7 minutes,
VIDEO 102,Cheating Sex Tape w @tyanamaree,13 minutes,
VIDEO 103,"BJ, masturbation & insertion",6 minutes,
VIDEO 104,FFMM w @zacandtyana (double cum shot),26 minutes,
VIDEO 105,Girl on Girl Strap-on with @tyanamaree,8 minutes,
VIDEO 106,Cheating Sex tape w cumshot with @caseysaron,25 minutes,
VIDEO 107,Double BJ with @hoperyan2021,9.5 minutes,
VIDEO 108,Poolside Sex Tape,14 minutes,https://coomer.st/onlyfans/user/isabellexjeremy/post/1073459810
VIDEO 109,Oil Strip and Solo play on my hotel balcony,13 minutes,https://coomer.st/onlyfans/user/isabellexjeremy/post/817079745
VIDEO 110,Cheating Sex Tape with @zacandtyana,9 minutes,
VIDEO 111,Girl on Girl with @devilxangelll,11 minutes,
VIDEO 112,Solo Play in the Car,5 minutes,https://coomer.st/onlyfans/user/isabellexjeremy/post/1105276614
VIDEO 113,POV BJ,11.5 minutes,https://coomer.st/onlyfans/user/isabellexjeremy/post/646117193
VIDEO 114,Girl on Girl with @ChrystenZenoni,2 minutes,
VIDEO 115,FM Sex Tape with @hoperyan2021,9 minutes,
VIDEO 116,Airlie Beach Shower Sex Tape with Facial,7 minutes,https://coomer.st/onlyfans/user/isabellexjeremy/post/606209112
VIDEO 117,Office Sex Tape,8 minutes,https://coomer.st/onlyfans/user/isabellexjeremy/post/1157423003
VIDEO 118,Blindfolded FMM w @zacandtyana,24 minutes,
VIDEO 119,BJs in Byron,4 minutes,
VIDEO 120,Hotel Balcony Sex tape w Creampie,43 minutes,https://coomer.st/onlyfans/user/isabellexjeremy/post/817066328
VIDEO 121,FFM Threesome with @HopeRyan2021,17.5 minutes,
VIDEO 122,Foot Solo Play,9 minutes,
VIDEO 123,Hotel Sex Tape,4.5 minutes,https://coomer.st/onlyfans/user/isabellexjeremy/post/737284225
VIDEO 124,Gym and Sauna Sesh with @ChloePatt & @ShelbyBilby,,
VIDEO 125,School Uniform Strip Tease Solo Play,15.5 minutes,
VIDEO 126,Girl on Girl with @TaraJigginss,3 minutes,
VIDEO 127,Shoot with @EdynDenise,,
VIDEO 128,Solo Play with Isabelle,12 minutes,
VIDEO 129,Girl on Girl with @ChrystenZenoni,6 minutes,
VIDEO 130,Sydney Hotel Sex Tape,13 minutes,
VIDEO 131,Gym Sex Tape,18 minutes,
VIDEO 132,Girl on Girl with @TaraJigginss,4.5 minutes,
VIDEO 133,Innocent Girl Solo w the Biggest Dildo I own,12.5 minutes,https://coomer.st/onlyfans/user/isabellexjeremy/post/817099736
VIDEO 134,Road Trip BJ,13 minutes,
VIDEO 135,Shower Solo,3 minutes,https://coomer.st/onlyfans/user/isabellexjeremy/post/961898460
VIDEO 136,LIVE Fuck Show with Creampie,75 minutes,
VIDEO 137,FMMM with @the.apollo.show & @primal_instincts1,16 minutes,
VIDEO 138,Sauna Solo,5 minutes,
VIDEO 139,Office BJ with @DevilxAngelll,6 minutes,
VIDEO 140,Shopping Sex Tape with Facial,18 minutes,
VIDEO 141,Solo in white,12 minutes,https://coomer.st/onlyfans/user/isabellexjeremy/post/817014563
VIDEO 142,Girl on Girl with @EdenLux with double ended dildo,7 minutes,https://coomer.st/onlyfans/user/isabellexjeremy/post/1014033494
VIDEO 143,Wedding Sex Tape,14.5 minutes,
VIDEO 144,Rough Sex Tape with Apollo,10 minutes,https://coomer.st/onlyfans/user/isabellexjeremy/post/683214638
VIDEO 145,Sex Tape while Alyssa gets massaged,6 minutes,
VIDEO 146,Office Sex Tape with @DevilxAngelll,13.5 minutes,
VIDEO 147,Bubble Bath Solo,3 minutes,https://coomer.st/onlyfans/user/isabellexjeremy/post/1014045561
VIDEO 148,FMM with @Primal_Instincts1,27 minutes,
VIDEO 149,Girl on Girl with @ValentinaRose4,9 minutes,https://coomer.st/onlyfans/user/isabellexjeremy/post/967597175
VIDEO 150,Spa Bath Sex Tape,17 minutes,https://coomer.st/onlyfans/user/isabellexjeremy/post/967580744
VIDEO 151,FMM Threesome with Jackson,10 minutes,
VIDEO 152,Tradie Sex Tape with Primal Instincts,22.5 minutes,
VIDEO 153,Bunnings BJ with Cumshot,21 minutes,
VIDEO 154,Christmas Sex Tape,14 minutes,https://coomer.st/onlyfans/user/isabellexjeremy/post/817024064
VIDEO 155,Hotel Balcony Sex Tape,15 minutes,
VIDEO 156,FFM with @EdenLux & @The.Apollo.Show,9 minutes,
VIDEO 157,Black Lingerie Sex Tape w Creampie,29 minutes,https://coomer.st/onlyfans/user/isabellexjeremy/post/737275523
VIDEO 158,FFM Threesome with @ValentinaRose4 & Strap-on,26.5 minutes,
VIDEO 159,"Rim Job, BJ, Mutual Masturbation & Cum Swallowing",22.5 minutes,https://coomer.st/onlyfans/user/isabellexjeremy/post/967546140
VIDEO 160,FFM Threesome with @DevilxAngelll,33.5 minutes,
VIDEO 161,Sex Tape in Sydney with Creampie,14 minutes,
VIDEO 162,Girl on Girl with @HBro1,21.5 minutes,https://coomer.st/onlyfans/user/isabellexjeremy/post/967633509
VIDEO 163,DP Anal Solo Play,18 minutes,
VIDEO 164,Latex w @KendallsWorldd,2 minutes,
VIDEO 165,Double BJ with @DevilxAngelll,4 minutes,
VIDEO 166,Jeremy solo tape,5 minutes,
VIDEO 167,Sex Tape with Cum Shot,23.5 minutes,
VIDEO 168,Car Masturbation,4 minutes,https://coomer.st/onlyfans/user/isabellexjeremy/post/693914708
VIDEO 169,Sex Tape with @yoursexysecret.xo,16 minutes,https://coomer.st/onlyfans/user/isabellexjeremy/post/693852902
VIDEO 170,Jeremy and @Primal_Instincts1 in the Shower,1.5 minutes,
VIDEO 171,Hotel Bath Sex Tape,12 minutes,
VIDEO 172,Double BJ with @GabbriellaRoseX,2.5 minutes,
VIDEO 173,Shower Sex Tape with @Primal_Instincts1,19 minutes,https://bunkr.cr/f/3NT2ACTRDZnTM
VIDEO 174,Couch Sex Tape with @DevilxAngelll,16 minutes,
VIDEO 175,Driving BJ,16 minutes,
VIDEO 176,"BBC Hot Wife Sex Tape with André, with 4x Squirts, Spitting, Foot Play & Cum Shot",21 minutes,https://coomer.st/onlyfans/user/isabellexjeremy/post/882612614
VIDEO 177,Cheating Sex Tape with Jackson,9 minutes,https://coomer.st/onlyfans/user/isabellexjeremy/post/967514089
VIDEO 178,FFM Threesome with Holly & Johnny,31 minutes,
VIDEO 179,Storage Unit Sex Tape with Cum Shot,8 minutes,
VIDEO 180,Sex Tape with Valentina,15 minutes,
VIDEO 181,Hotel Sex Tape with Cumshot,20 minutes,https://coomer.st/onlyfans/user/isabellexjeremy/post/1059229120
VIDEO 182,Black Lingerie Solo Play,6 minutes,
VIDEO 183,Change Room Sex Tape with Creampie,14 minutes,
VIDEO 184,Couch BJ with Laura,3 minutes,
VIDEO 185,Couch Girl on Girl with Tara,4.5 minutes,https://coomer.st/onlyfans/user/isabellexjeremy/post/1080829453
VIDEO 186,Double BJ with Sharni,8 minutes,
VIDEO 187,Cheating Sex Tape with Jackson,6 minutes,
VIDEO 188,Mangroves Sex Tape with Cum Shot,9 minutes,
VIDEO 189,FMM Threesome with Sharni & Primal Instincts ,25 minutes,
VIDEO 190,Drive-Through Car Sex Tape with Cumshot,12.5 minutes,
VIDEO 191,"Cheating Sex Tape with Jackson, & Chloe",7 minutes,
VIDEO 192,Solo Play in Bridal Lingerie,11 minutes,
VIDEO 193,Shoot with Chloe ,2 minutes,https://coomer.st/onlyfans/user/isabellexjeremy/post/1014048046
VIDEO 194,FFM Threesome with Gabby Rose,18 minutes,
VIDEO 195,Fun in the Bath with Tara Jiggins ,,
VIDEO 196,Cheating Sex Tape with Sharni ,19 minutes,https://coomer.st/onlyfans/user/isabellexjeremy/post/961886930
VIDEO 197,Adelaide Hotel Sex Tape with Facial,21 minutes,
VIDEO 198,Strip Tease,3.5 minutes,
VIDEO 199,Sex Tape at Crown with Cum Swallowing,27.5 minutes,
VIDEO 200,Sex Tape with Sharni,13.5 minutes,https://coomer.st/onlyfans/user/isabellexjeremy/post/908086682
VIDEO 201, Private Vineyard Sex Tape with Creampie,18 minutes,
VIDEO 202,Massage Sex Tape with Cum Shot,31 minutes,
VIDEO 203,Onsen Sex Tape with Cum Shot,9 minutes,
VIDEO 204,Bali Solo Bundle,13 minutes,
VIDEO 205,Tanning Sex Tape with Cum Shot,17 minutes,
VIDEO 206,Gondola Sex Tape,15.5 minutes,
VIDEO 207,FMM Threesome with Primal Instincts with Double Creampie,14 minutes,
VIDEO 208,BBC Sex Tape with Cum Shot,18 minutes,https://bunkr.cr/f/BczT56Gx1ttz3
VIDEO 209,Stretching Sex Tape with Facial ,21 minutes,
VIDEO 210,“Reading” Sex Tape with Creampie,12 minutes,
VIDEO 211,"Girl on Girl with Shelby, Chloe, & Edyn",4.5 minutes,
VIDEO 212,Sex Tape with Johnny,22 minutes,
VIDEO 213,Girl on Girl with Shelby,7.5 minutes,
VIDEO 214,Solo pink lingerie,6 minutes,
VIDEO 215,FMFM Foursome with Gabby & CJ,26.5 minutes,
VIDEO 216,Couch Sex Tape with Cum Shot,19 minutes,
VIDEO 217,Foot solo,11 minutes,
VIDEO 218,Sex Tape with Evie Leana,5.5 minutes,
VIDEO 219,FFM Threesome with Johnny & Hbro,27.5 minutes,
VIDEO 220,Tanning Sex Tape with Creampie,8 minutes,https://coomer.st/onlyfans/user/isabellexjeremy/post/1262407681
VIDEO 221,Girl on Girl with Sharni Jane,4 minutes,https://coomer.st/onlyfans/user/isabellexjeremy/post/1293299409
VIDEO 222,Secretary Sex Tape with Primal Instincts,12.5 minutes,
VIDEO 223,Doggy Sex Tape with Cum Shot,8 minutes,
VIDEO 224,Girl on Girl with Evie Leana,9 minutes,
VIDEO 225,Sky Lodge Sex Tape,30 minutes,
VIDEO 226,BBC FMM Threesome,30 minutes,https://bunkr.cr/f/HVvzGH1FbETnQ
VIDEO 227,Girl on Girl w Shelby,1 minute,
VIDEO 228,FFM Threesome with Sharni & Primal,17 minutes,
VIDEO 229,Rental Boat Sex Tape with Creampie,8 minutes,https://coomer.st/onlyfans/user/isabellexjeremy/post/1375780404
VIDEO 230,FMFM Foursome with Sharni & Dale,24 minutes,
VIDEO 231,Girl on Girl with Rosie Clarke,13 minutes,
VIDEO 232,Sex Tape with Cum Shot,23 minutes,
VIDEO 233,FFM Threesome with Evie,12 minutes,
VIDEO 234,Sun Lounge Solo,10.5 minutes,
VIDEO 235,Green Lingerie Sex Tape with Facial,18 minutes,https://coomer.st/onlyfans/user/isabellexjeremy/post/1274550592
VIDEO 236,FFM Threesome with Sharni & Primal,13 minutes,
VIDEO 237,SPH,11 minutes,
VIDEO 238,Sex Tape with Last Ever Cum Shot on old boobs,24 minutes,
VIDEO 239,FFM Threesome with Rosie Clarke,21 minutes,
VIDEO 240,Crystal Creek Sex Tape with Cum Shot,19.5 minutes,
VIDEO 241,Jeremy solo at beach,,
VIDEO 242,Date night Sex Tape,29.5 minutes,
VIDEO 243,Bali Yellow Bikini Sex Tape with Cum Shot,21 minutes,
VIDEO 244,BJ,16 minutes,
VIDEO 245,Seedy photographer Sex Tape with Cum Shot,24 minutes,
VIDEO 246,Latex Pants Sex Tape with Creampie,20.5 minutes,
VIDEO 247,Outdoor shower solo,7 minutes,
VIDEO 248,Indoor lounge Sex Tape with Facial,22 minutes,
VIDEO 249,Poolside BJ,16.5 minutes,
VIDEO 250,Outdoor lounge solo,4.5 minutes,
VIDEO 251,Bali Villa Sex Tape with Cum Shot on tits,25 minutes,
VIDEO 252,Pussy Eating & Fingering,6 minutes,
VIDEO 253,Jeremy solo,11 minutes,
VIDEO 254,Bali outdoor lounge Sex Tape with Cum Shot,17 minutes,
VIDEO 255,Bamboo Villa Sex Tape with Cum Shot,15 minutes,https://coomer.st/onlyfans/user/isabellexjeremy/post/1283055483
VIDEO 256,Indoor lounge solo,7 minutes,
VIDEO 257,Outdoor lounge Sex Tape with Creampie,8 minutes,
VIDEO 258,Bingin solo,4.5 minutes,
VIDEO 259,Sex tape with Creampie,23 minutes,
VIDEO 260,Beach Club Sex Tape,8 minutes,
VIDEO 261,Solo ,8 minutes,
VIDEO 262,Day Spa sex tape,7 minutes,
VIDEO 263,Bathroom Sex Tape with Creampie,18 minutes,
